tracker_age1_hits1_thresh0.01.json,1,1,0.01,0.09523809523809523,48.0064270349716,192.0257081398864,4,17,1,1,21
tracker_age1_hits1_thresh0.02.json,1,1,0.02,0.09523809523809523,48.0064270349716,192.0257081398864,4,17,1,1,21
tracker_age1_hits1_thresh0.03.json,1,1,0.03,0.09523809523809523,48.0064270349716,192.0257081398864,4,17,1,1,21
tracker_age1_hits1_thresh0.04.json,1,1,0.04,0.09523809523809523,48.0064270349716,192.0257081398864,4,17,1,1,21
tracker_age1_hits1_thresh0.05.json,1,1,0.05,0.09523809523809523,48.0064270349716,192.0257081398864,4,17,1,1,21
tracker_age1_hits1_thresh0.060000000000000005.json,1,1,0.060000000000000005,0.09523809523809523,48.0064270349716,192.0257081398864,4,17,1,1,21
tracker_age1_hits1_thresh0.06999999999999999.json,1,1,0.06999999999999999,0.09523809523809523,48.0064270349716,192.0257081398864,4,17,1,1,21
tracker_age1_hits1_thresh0.08.json,1,1,0.08,0.09523809523809523,48.0064270349716,192.0257081398864,4,17,1,1,21
tracker_age1_hits1_thresh0.09.json,1,1,0.09,0.09523809523809523,48.0064270349716,192.0257081398864,4,17,1,1,21
tracker_age1_hits2_thresh0.01.json,1,2,0.01,0.09523809523809523,45.52083333333333,91.04166666666666,2,19,0,0,21
tracker_age1_hits2_thresh0.02.json,1,2,0.02,0.09523809523809523,45.52083333333333,91.04166666666666,2,19,0,0,21
tracker_age1_hits2_thresh0.03.json,1,2,0.03,0.09523809523809523,45.52083333333333,91.04166666666666,2,19,0,0,21
tracker_age1_hits2_thresh0.04.json,1,2,0.04,0.09523809523809523,45.52083333333333,91.04166666666666,2,19,0,0,21
tracker_age1_hits2_thresh0.05.json,1,2,0.05,0.09523809523809523,45.52083333333333,91.04166666666666,2,19,0,0,21
tracker_age1_hits2_thresh0.060000000000000005.json,1,2,0.060000000000000005,0.09523809523809523,45.52083333333333,91.04166666666666,2,19,0,0,21
tracker_age1_hits2_thresh0.06999999999999999.json,1,2,0.06999999999999999,0.09523809523809523,45.52083333333333,91.04166666666666,2,19,0,0,21
tracker_age1_hits2_thresh0.08.json,1,2,0.08,0.09523809523809523,45.52083333333333,91.04166666666666,2,19,0,0,21
tracker_age1_hits2_thresh0.09.json,1,2,0.09,0.09523809523809523,45.52083333333333,91.04166666666666,2,19,0,0,21
tracker_age1_hits3_thresh0.01.json,1,3,0.01,,,0.0,0,21,0,0,21
tracker_age1_hits3_thresh0.02.json,1,3,0.02,,,0.0,0,21,0,0,21
tracker_age1_hits3_thresh0.03.json,1,3,0.03,,,0.0,0,21,0,0,21
tracker_age1_hits3_thresh0.04.json,1,3,0.04,,,0.0,0,21,0,0,21
tracker_age1_hits3_thresh0.05.json,1,3,0.05,,,0.0,0,21,0,0,21
tracker_age1_hits3_thresh0.060000000000000005.json,1,3,0.060000000000000005,,,0.0,0,21,0,0,21
tracker_age1_hits3_thresh0.06999999999999999.json,1,3,0.06999999999999999,,,0.0,0,21,0,0,21
tracker_age1_hits3_thresh0.08.json,1,3,0.08,,,0.0,0,21,0,0,21
tracker_age1_hits3_thresh0.09.json,1,3,0.09,,,0.0,0,21,0,0,21
tracker_age1_hits4_thresh0.01.json,1,4,0.01,,,0.0,0,21,0,0,21
tracker_age1_hits4_thresh0.02.json,1,4,0.02,,,0.0,0,21,0,0,21
tracker_age1_hits4_thresh0.03.json,1,4,0.03,,,0.0,0,21,0,0,21
tracker_age1_hits4_thresh0.04.json,1,4,0.04,,,0.0,0,21,0,0,21
tracker_age1_hits4_thresh0.05.json,1,4,0.05,,,0.0,0,21,0,0,21
tracker_age1_hits4_thresh0.060000000000000005.json,1,4,0.060000000000000005,,,0.0,0,21,0,0,21
tracker_age1_hits4_thresh0.06999999999999999.json,1,4,0.06999999999999999,,,0.0,0,21,0,0,21
tracker_age1_hits4_thresh0.08.json,1,4,0.08,,,0.0,0,21,0,0,21
tracker_age1_hits4_thresh0.09.json,1,4,0.09,,,0.0,0,21,0,0,21
tracker_age1_hits5_thresh0.01.json,1,5,0.01,,,0.0,0,21,0,0,21
tracker_age1_hits5_thresh0.02.json,1,5,0.02,,,0.0,0,21,0,0,21
tracker_age1_hits5_thresh0.03.json,1,5,0.03,,,0.0,0,21,0,0,21
tracker_age1_hits5_thresh0.04.json,1,5,0.04,,,0.0,0,21,0,0,21
tracker_age1_hits5_thresh0.05.json,1,5,0.05,,,0.0,0,21,0,0,21
tracker_age1_hits5_thresh0.060000000000000005.json,1,5,0.060000000000000005,,,0.0,0,21,0,0,21
tracker_age1_hits5_thresh0.06999999999999999.json,1,5,0.06999999999999999,,,0.0,0,21,0,0,21
tracker_age1_hits5_thresh0.08.json,1,5,0.08,,,0.0,0,21,0,0,21
tracker_age1_hits5_thresh0.09.json,1,5,0.09,,,0.0,0,21,0,0,21
tracker_age1_hits6_thresh0.01.json,1,6,0.01,,,0.0,0,21,0,0,21
tracker_age1_hits6_thresh0.02.json,1,6,0.02,,,0.0,0,21,0,0,21
tracker_age1_hits6_thresh0.03.json,1,6,0.03,,,0.0,0,21,0,0,21
tracker_age1_hits6_thresh0.04.json,1,6,0.04,,,0.0,0,21,0,0,21
tracker_age1_hits6_thresh0.05.json,1,6,0.05,,,0.0,0,21,0,0,21
tracker_age1_hits6_thresh0.060000000000000005.json,1,6,0.060000000000000005,,,0.0,0,21,0,0,21
tracker_age1_hits6_thresh0.06999999999999999.json,1,6,0.06999999999999999,,,0.0,0,21,0,0,21
tracker_age1_hits6_thresh0.08.json,1,6,0.08,,,0.0,0,21,0,0,21
tracker_age1_hits6_thresh0.09.json,1,6,0.09,,,0.0,0,21,0,0,21
tracker_age1_hits7_thresh0.01.json,1,7,0.01,,,0.0,0,21,0,0,21
tracker_age1_hits7_thresh0.02.json,1,7,0.02,,,0.0,0,21,0,0,21
tracker_age1_hits7_thresh0.03.json,1,7,0.03,,,0.0,0,21,0,0,21
tracker_age1_hits7_thresh0.04.json,1,7,0.04,,,0.0,0,21,0,0,21
tracker_age1_hits7_thresh0.05.json,1,7,0.05,,,0.0,0,21,0,0,21
tracker_age1_hits7_thresh0.060000000000000005.json,1,7,0.060000000000000005,,,0.0,0,21,0,0,21
tracker_age1_hits7_thresh0.06999999999999999.json,1,7,0.06999999999999999,,,0.0,0,21,0,0,21
tracker_age1_hits7_thresh0.08.json,1,7,0.08,,,0.0,0,21,0,0,21
tracker_age1_hits7_thresh0.09.json,1,7,0.09,,,0.0,0,21,0,0,21
tracker_age1_hits8_thresh0.01.json,1,8,0.01,,,0.0,0,21,0,0,21
tracker_age1_hits8_thresh0.02.json,1,8,0.02,,,0.0,0,21,0,0,21
tracker_age1_hits8_thresh0.03.json,1,8,0.03,,,0.0,0,21,0,0,21
tracker_age1_hits8_thresh0.04.json,1,8,0.04,,,0.0,0,21,0,0,21
tracker_age1_hits8_thresh0.05.json,1,8,0.05,,,0.0,0,21,0,0,21
tracker_age1_hits8_thresh0.060000000000000005.json,1,8,0.060000000000000005,,,0.0,0,21,0,0,21
tracker_age1_hits8_thresh0.06999999999999999.json,1,8,0.06999999999999999,,,0.0,0,21,0,0,21
tracker_age1_hits8_thresh0.08.json,1,8,0.08,,,0.0,0,21,0,0,21
tracker_age1_hits8_thresh0.09.json,1,8,0.09,,,0.0,0,21,0,0,21
tracker_age1_hits9_thresh0.01.json,1,9,0.01,,,0.0,0,21,0,0,21
tracker_age1_hits9_thresh0.02.json,1,9,0.02,,,0.0,0,21,0,0,21
tracker_age1_hits9_thresh0.03.json,1,9,0.03,,,0.0,0,21,0,0,21
tracker_age1_hits9_thresh0.04.json,1,9,0.04,,,0.0,0,21,0,0,21
tracker_age1_hits9_thresh0.05.json,1,9,0.05,,,0.0,0,21,0,0,21
tracker_age1_hits9_thresh0.060000000000000005.json,1,9,0.060000000000000005,,,0.0,0,21,0,0,21
tracker_age1_hits9_thresh0.06999999999999999.json,1,9,0.06999999999999999,,,0.0,0,21,0,0,21
tracker_age1_hits9_thresh0.08.json,1,9,0.08,,,0.0,0,21,0,0,21
tracker_age1_hits9_thresh0.09.json,1,9,0.09,,,0.0,0,21,0,0,21
tracker_age2_hits1_thresh0.01.json,2,1,0.01,-0.04761904761904767,36.148075311209475,180.74037655604738,5,16,4,2,21
tracker_age2_hits1_thresh0.02.json,2,1,0.02,-0.04761904761904767,36.148075311209475,180.74037655604738,5,16,4,2,21
tracker_age2_hits1_thresh0.03.json,2,1,0.03,-0.04761904761904767,36.148075311209475,180.74037655604738,5,16,4,2,21
tracker_age2_hits1_thresh0.04.json,2,1,0.04,-0.04761904761904767,36.148075311209475,180.74037655604738,5,16,4,2,21
tracker_age2_hits1_thresh0.05.json,2,1,0.05,-0.04761904761904767,31.841039063874717,159.2051953193736,5,16,4,2,21
tracker_age2_hits1_thresh0.060000000000000005.json,2,1,0.060000000000000005,-0.04761904761904767,31.841039063874717,159.2051953193736,5,16,4,2,21
tracker_age2_hits1_thresh0.06999999999999999.json,2,1,0.06999999999999999,0.0,32.50770573054139,162.53852865270693,5,16,3,2,21
tracker_age2_hits1_thresh0.08.json,2,1,0.08,0.0,32.50770573054139,162.53852865270693,5,16,3,2,21
tracker_age2_hits1_thresh0.09.json,2,1,0.09,0.0,32.50770573054139,162.53852865270693,5,16,3,2,21
tracker_age2_hits2_thresh0.01.json,2,2,0.01,0.1428571428571429,31.47754530916845,125.9101812366738,4,17,0,1,21
tracker_age2_hits2_thresh0.02.json,2,2,0.02,0.1428571428571429,31.47754530916845,125.9101812366738,4,17,0,1,21
tracker_age2_hits2_thresh0.03.json,2,2,0.03,0.1428571428571429,31.47754530916845,125.9101812366738,4,17,0,1,21
tracker_age2_hits2_thresh0.04.json,2,2,0.04,0.1428571428571429,31.47754530916845,125.9101812366738,4,17,0,1,21
tracker_age2_hits2_thresh0.05.json,2,2,0.05,0.1428571428571429,34.791666666666664,104.375,3,18,0,0,21
tracker_age2_hits2_thresh0.060000000000000005.json,2,2,0.060000000000000005,0.1428571428571429,34.791666666666664,104.375,3,18,0,0,21
tracker_age2_hits2_thresh0.06999999999999999.json,2,2,0.06999999999999999,0.1428571428571429,35.90277777777778,107.70833333333334,3,18,0,0,21
tracker_age2_hits2_thresh0.08.json,2,2,0.08,0.1428571428571429,35.90277777777778,107.70833333333334,3,18,0,0,21
tracker_age2_hits2_thresh0.09.json,2,2,0.09,0.1428571428571429,35.90277777777778,107.70833333333334,3,18,0,0,21
tracker_age2_hits3_thresh0.01.json,2,3,0.01,0.04761904761904767,16.66666666666667,16.66666666666667,1,20,0,0,21
tracker_age2_hits3_thresh0.02.json,2,3,0.02,0.04761904761904767,16.66666666666667,16.66666666666667,1,20,0,0,21
tracker_age2_hits3_thresh0.03.json,2,3,0.03,0.04761904761904767,16.66666666666667,16.66666666666667,1,20,0,0,21
tracker_age2_hits3_thresh0.04.json,2,3,0.04,0.04761904761904767,16.66666666666667,16.66666666666667,1,20,0,0,21
tracker_age2_hits3_thresh0.05.json,2,3,0.05,0.04761904761904767,16.66666666666667,16.66666666666667,1,20,0,0,21
tracker_age2_hits3_thresh0.060000000000000005.json,2,3,0.060000000000000005,0.04761904761904767,16.66666666666667,16.66666666666667,1,20,0,0,21
tracker_age2_hits3_thresh0.06999999999999999.json,2,3,0.06999999999999999,0.04761904761904767,16.66666666666667,16.66666666666667,1,20,0,0,21
tracker_age2_hits3_thresh0.08.json,2,3,0.08,0.04761904761904767,16.66666666666667,16.66666666666667,1,20,0,0,21
tracker_age2_hits3_thresh0.09.json,2,3,0.09,0.04761904761904767,16.66666666666667,16.66666666666667,1,20,0,0,21
tracker_age2_hits4_thresh0.01.json,2,4,0.01,,,0.0,0,21,0,0,21
tracker_age2_hits4_thresh0.02.json,2,4,0.02,,,0.0,0,21,0,0,21
tracker_age2_hits4_thresh0.03.json,2,4,0.03,,,0.0,0,21,0,0,21
tracker_age2_hits4_thresh0.04.json,2,4,0.04,,,0.0,0,21,0,0,21
tracker_age2_hits4_thresh0.05.json,2,4,0.05,,,0.0,0,21,0,0,21
tracker_age2_hits4_thresh0.060000000000000005.json,2,4,0.060000000000000005,,,0.0,0,21,0,0,21
tracker_age2_hits4_thresh0.06999999999999999.json,2,4,0.06999999999999999,,,0.0,0,21,0,0,21
tracker_age2_hits4_thresh0.08.json,2,4,0.08,,,0.0,0,21,0,0,21
tracker_age2_hits4_thresh0.09.json,2,4,0.09,,,0.0,0,21,0,0,21
tracker_age2_hits5_thresh0.01.json,2,5,0.01,,,0.0,0,21,0,0,21
tracker_age2_hits5_thresh0.02.json,2,5,0.02,,,0.0,0,21,0,0,21
tracker_age2_hits5_thresh0.03.json,2,5,0.03,,,0.0,0,21,0,0,21
tracker_age2_hits5_thresh0.04.json,2,5,0.04,,,0.0,0,21,0,0,21
tracker_age2_hits5_thresh0.05.json,2,5,0.05,,,0.0,0,21,0,0,21
tracker_age2_hits5_thresh0.060000000000000005.json,2,5,0.060000000000000005,,,0.0,0,21,0,0,21
tracker_age2_hits5_thresh0.06999999999999999.json,2,5,0.06999999999999999,,,0.0,0,21,0,0,21
tracker_age2_hits5_thresh0.08.json,2,5,0.08,,,0.0,0,21,0,0,21
tracker_age2_hits5_thresh0.09.json,2,5,0.09,,,0.0,0,21,0,0,21
tracker_age2_hits6_thresh0.01.json,2,6,0.01,,,0.0,0,21,0,0,21
tracker_age2_hits6_thresh0.02.json,2,6,0.02,,,0.0,0,21,0,0,21
tracker_age2_hits6_thresh0.03.json,2,6,0.03,,,0.0,0,21,0,0,21
tracker_age2_hits6_thresh0.04.json,2,6,0.04,,,0.0,0,21,0,0,21
tracker_age2_hits6_thresh0.05.json,2,6,0.05,,,0.0,0,21,0,0,21
tracker_age2_hits6_thresh0.060000000000000005.json,2,6,0.060000000000000005,,,0.0,0,21,0,0,21
tracker_age2_hits6_thresh0.06999999999999999.json,2,6,0.06999999999999999,,,0.0,0,21,0,0,21
tracker_age2_hits6_thresh0.08.json,2,6,0.08,,,0.0,0,21,0,0,21
tracker_age2_hits6_thresh0.09.json,2,6,0.09,,,0.0,0,21,0,0,21
tracker_age2_hits7_thresh0.01.json,2,7,0.01,,,0.0,0,21,0,0,21
tracker_age2_hits7_thresh0.02.json,2,7,0.02,,,0.0,0,21,0,0,21
tracker_age2_hits7_thresh0.03.json,2,7,0.03,,,0.0,0,21,0,0,21
tracker_age2_hits7_thresh0.04.json,2,7,0.04,,,0.0,0,21,0,0,21
tracker_age2_hits7_thresh0.05.json,2,7,0.05,,,0.0,0,21,0,0,21
tracker_age2_hits7_thresh0.060000000000000005.json,2,7,0.060000000000000005,,,0.0,0,21,0,0,21
tracker_age2_hits7_thresh0.06999999999999999.json,2,7,0.06999999999999999,,,0.0,0,21,0,0,21
tracker_age2_hits7_thresh0.08.json,2,7,0.08,,,0.0,0,21,0,0,21
tracker_age2_hits7_thresh0.09.json,2,7,0.09,,,0.0,0,21,0,0,21
tracker_age2_hits8_thresh0.01.json,2,8,0.01,,,0.0,0,21,0,0,21
tracker_age2_hits8_thresh0.02.json,2,8,0.02,,,0.0,0,21,0,0,21
tracker_age2_hits8_thresh0.03.json,2,8,0.03,,,0.0,0,21,0,0,21
tracker_age2_hits8_thresh0.04.json,2,8,0.04,,,0.0,0,21,0,0,21
tracker_age2_hits8_thresh0.05.json,2,8,0.05,,,0.0,0,21,0,0,21
tracker_age2_hits8_thresh0.060000000000000005.json,2,8,0.060000000000000005,,,0.0,0,21,0,0,21
tracker_age2_hits8_thresh0.06999999999999999.json,2,8,0.06999999999999999,,,0.0,0,21,0,0,21
tracker_age2_hits8_thresh0.08.json,2,8,0.08,,,0.0,0,21,0,0,21
tracker_age2_hits8_thresh0.09.json,2,8,0.09,,,0.0,0,21,0,0,21
tracker_age2_hits9_thresh0.01.json,2,9,0.01,,,0.0,0,21,0,0,21
tracker_age2_hits9_thresh0.02.json,2,9,0.02,,,0.0,0,21,0,0,21
tracker_age2_hits9_thresh0.03.json,2,9,0.03,,,0.0,0,21,0,0,21
tracker_age2_hits9_thresh0.04.json,2,9,0.04,,,0.0,0,21,0,0,21
tracker_age2_hits9_thresh0.05.json,2,9,0.05,,,0.0,0,21,0,0,21
tracker_age2_hits9_thresh0.060000000000000005.json,2,9,0.060000000000000005,,,0.0,0,21,0,0,21
tracker_age2_hits9_thresh0.06999999999999999.json,2,9,0.06999999999999999,,,0.0,0,21,0,0,21
tracker_age2_hits9_thresh0.08.json,2,9,0.08,,,0.0,0,21,0,0,21
tracker_age2_hits9_thresh0.09.json,2,9,0.09,,,0.0,0,21,0,0,21
tracker_age3_hits1_thresh0.01.json,3,1,0.01,-0.09523809523809534,53.15870819048666,318.9522491429199,6,15,6,2,21
tracker_age3_hits1_thresh0.02.json,3,1,0.02,-0.09523809523809534,53.15870819048666,318.9522491429199,6,15,6,2,21
tracker_age3_hits1_thresh0.03.json,3,1,0.03,-0.09523809523809534,53.15870819048666,318.9522491429199,6,15,6,2,21
tracker_age3_hits1_thresh0.04.json,3,1,0.04,-0.09523809523809534,53.15870819048666,318.9522491429199,6,15,6,2,21
tracker_age3_hits1_thresh0.05.json,3,1,0.05,-0.09523809523809534,60.2837970319934,361.7027821919604,6,15,6,2,21
tracker_age3_hits1_thresh0.060000000000000005.json,3,1,0.060000000000000005,-0.09523809523809534,60.2837970319934,361.7027821919604,6,15,6,2,21
tracker_age3_hits1_thresh0.06999999999999999.json,3,1,0.06999999999999999,-0.09523809523809534,60.839352587548966,365.0361155252938,6,15,6,2,21
tracker_age3_hits1_thresh0.08.json,3,1,0.08,-0.09523809523809534,60.839352587548966,365.0361155252938,6,15,6,2,21
tracker_age3_hits1_thresh0.09.json,3,1,0.09,-0.09523809523809534,60.839352587548966,365.0361155252938,6,15,6,2,21
tracker_age3_hits2_thresh0.01.json,3,2,0.01,0.09523809523809523,41.03051345588659,164.12205382354637,4,17,1,1,21
tracker_age3_hits2_thresh0.02.json,3,2,0.02,0.09523809523809523,41.03051345588659,164.12205382354637,4,17,1,1,21
tracker_age3_hits2_thresh0.03.json,3,2,0.03,0.09523809523809523,41.03051345588659,164.12205382354637,4,17,1,1,21
tracker_age3_hits2_thresh0.04.json,3,2,0.04,0.09523809523809523,41.03051345588659,164.12205382354637,4,17,1,1,21
tracker_age3_hits2_thresh0.05.json,3,2,0.05,0.09523809523809523,47.52895752895753,142.58687258687257,3,18,1,0,21
tracker_age3_hits2_thresh0.060000000000000005.json,3,2,0.060000000000000005,0.09523809523809523,47.52895752895753,142.58687258687257,3,18,1,0,21
tracker_age3_hits2_thresh0.06999999999999999.json,3,2,0.06999999999999999,0.09523809523809523,48.64006864006864,145.92020592020592,3,18,1,0,21
tracker_age3_hits2_thresh0.08.json,3,2,0.08,0.09523809523809523,48.64006864006864,145.92020592020592,3,18,1,0,21
tracker_age3_hits2_thresh0.09.json,3,2,0.09,0.09523809523809523,48.64006864006864,145.92020592020592,3,18,1,0,21
tracker_age3_hits3_thresh0.01.json,3,3,0.01,0.04761904761904767,16.66666666666667,16.66666666666667,1,20,0,0,21
tracker_age3_hits3_thresh0.02.json,3,3,0.02,0.04761904761904767,16.66666666666667,16.66666666666667,1,20,0,0,21
tracker_age3_hits3_thresh0.03.json,3,3,0.03,0.04761904761904767,16.66666666666667,16.66666666666667,1,20,0,0,21
tracker_age3_hits3_thresh0.04.json,3,3,0.04,0.04761904761904767,16.66666666666667,16.66666666666667,1,20,0,0,21
tracker_age3_hits3_thresh0.05.json,3,3,0.05,0.04761904761904767,16.66666666666667,16.66666666666667,1,20,0,0,21
tracker_age3_hits3_thresh0.060000000000000005.json,3,3,0.060000000000000005,0.04761904761904767,16.66666666666667,16.66666666666667,1,20,0,0,21
tracker_age3_hits3_thresh0.06999999999999999.json,3,3,0.06999999999999999,0.04761904761904767,16.66666666666667,16.66666666666667,1,20,0,0,21
tracker_age3_hits3_thresh0.08.json,3,3,0.08,0.04761904761904767,16.66666666666667,16.66666666666667,1,20,0,0,21
tracker_age3_hits3_thresh0.09.json,3,3,0.09,0.04761904761904767,16.66666666666667,16.66666666666667,1,20,0,0,21
tracker_age3_hits4_thresh0.01.json,3,4,0.01,,,0.0,0,21,0,0,21
tracker_age3_hits4_thresh0.02.json,3,4,0.02,,,0.0,0,21,0,0,21
tracker_age3_hits4_thresh0.03.json,3,4,0.03,,,0.0,0,21,0,0,21
tracker_age3_hits4_thresh0.04.json,3,4,0.04,,,0.0,0,21,0,0,21
tracker_age3_hits4_thresh0.05.json,3,4,0.05,,,0.0,0,21,0,0,21
tracker_age3_hits4_thresh0.060000000000000005.json,3,4,0.060000000000000005,,,0.0,0,21,0,0,21
tracker_age3_hits4_thresh0.06999999999999999.json,3,4,0.06999999999999999,,,0.0,0,21,0,0,21
tracker_age3_hits4_thresh0.08.json,3,4,0.08,,,0.0,0,21,0,0,21
tracker_age3_hits4_thresh0.09.json,3,4,0.09,,,0.0,0,21,0,0,21
tracker_age3_hits5_thresh0.01.json,3,5,0.01,,,0.0,0,21,0,0,21
tracker_age3_hits5_thresh0.02.json,3,5,0.02,,,0.0,0,21,0,0,21
tracker_age3_hits5_thresh0.03.json,3,5,0.03,,,0.0,0,21,0,0,21
tracker_age3_hits5_thresh0.04.json,3,5,0.04,,,0.0,0,21,0,0,21
tracker_age3_hits5_thresh0.05.json,3,5,0.05,,,0.0,0,21,0,0,21
tracker_age3_hits5_thresh0.060000000000000005.json,3,5,0.060000000000000005,,,0.0,0,21,0,0,21
tracker_age3_hits5_thresh0.06999999999999999.json,3,5,0.06999999999999999,,,0.0,0,21,0,0,21
tracker_age3_hits5_thresh0.08.json,3,5,0.08,,,0.0,0,21,0,0,21
tracker_age3_hits5_thresh0.09.json,3,5,0.09,,,0.0,0,21,0,0,21
tracker_age3_hits6_thresh0.01.json,3,6,0.01,,,0.0,0,21,0,0,21
tracker_age3_hits6_thresh0.02.json,3,6,0.02,,,0.0,0,21,0,0,21
tracker_age3_hits6_thresh0.03.json,3,6,0.03,,,0.0,0,21,0,0,21
tracker_age3_hits6_thresh0.04.json,3,6,0.04,,,0.0,0,21,0,0,21
tracker_age3_hits6_thresh0.05.json,3,6,0.05,,,0.0,0,21,0,0,21
tracker_age3_hits6_thresh0.060000000000000005.json,3,6,0.060000000000000005,,,0.0,0,21,0,0,21
tracker_age3_hits6_thresh0.06999999999999999.json,3,6,0.06999999999999999,,,0.0,0,21,0,0,21
tracker_age3_hits6_thresh0.08.json,3,6,0.08,,,0.0,0,21,0,0,21
tracker_age3_hits6_thresh0.09.json,3,6,0.09,,,0.0,0,21,0,0,21
tracker_age3_hits7_thresh0.01.json,3,7,0.01,,,0.0,0,21,0,0,21
tracker_age3_hits7_thresh0.02.json,3,7,0.02,,,0.0,0,21,0,0,21
tracker_age3_hits7_thresh0.03.json,3,7,0.03,,,0.0,0,21,0,0,21
tracker_age3_hits7_thresh0.04.json,3,7,0.04,,,0.0,0,21,0,0,21
tracker_age3_hits7_thresh0.05.json,3,7,0.05,,,0.0,0,21,0,0,21
tracker_age3_hits7_thresh0.060000000000000005.json,3,7,0.060000000000000005,,,0.0,0,21,0,0,21
tracker_age3_hits7_thresh0.06999999999999999.json,3,7,0.06999999999999999,,,0.0,0,21,0,0,21
tracker_age3_hits7_thresh0.08.json,3,7,0.08,,,0.0,0,21,0,0,21
tracker_age3_hits7_thresh0.09.json,3,7,0.09,,,0.0,0,21,0,0,21
tracker_age3_hits8_thresh0.01.json,3,8,0.01,,,0.0,0,21,0,0,21
tracker_age3_hits8_thresh0.02.json,3,8,0.02,,,0.0,0,21,0,0,21
tracker_age3_hits8_thresh0.03.json,3,8,0.03,,,0.0,0,21,0,0,21
tracker_age3_hits8_thresh0.04.json,3,8,0.04,,,0.0,0,21,0,0,21
tracker_age3_hits8_thresh0.05.json,3,8,0.05,,,0.0,0,21,0,0,21
tracker_age3_hits8_thresh0.060000000000000005.json,3,8,0.060000000000000005,,,0.0,0,21,0,0,21
tracker_age3_hits8_thresh0.06999999999999999.json,3,8,0.06999999999999999,,,0.0,0,21,0,0,21
tracker_age3_hits8_thresh0.08.json,3,8,0.08,,,0.0,0,21,0,0,21
tracker_age3_hits8_thresh0.09.json,3,8,0.09,,,0.0,0,21,0,0,21
tracker_age3_hits9_thresh0.01.json,3,9,0.01,,,0.0,0,21,0,0,21
tracker_age3_hits9_thresh0.02.json,3,9,0.02,,,0.0,0,21,0,0,21
tracker_age3_hits9_thresh0.03.json,3,9,0.03,,,0.0,0,21,0,0,21
tracker_age3_hits9_thresh0.04.json,3,9,0.04,,,0.0,0,21,0,0,21
tracker_age3_hits9_thresh0.05.json,3,9,0.05,,,0.0,0,21,0,0,21
tracker_age3_hits9_thresh0.060000000000000005.json,3,9,0.060000000000000005,,,0.0,0,21,0,0,21
tracker_age3_hits9_thresh0.06999999999999999.json,3,9,0.06999999999999999,,,0.0,0,21,0,0,21
tracker_age3_hits9_thresh0.08.json,3,9,0.08,,,0.0,0,21,0,0,21
tracker_age3_hits9_thresh0.09.json,3,9,0.09,,,0.0,0,21,0,0,21
tracker_age4_hits1_thresh0.01.json,4,1,0.01,-0.1428571428571428,57.26181901001539,343.5709140600923,6,15,7,2,21
tracker_age4_hits1_thresh0.02.json,4,1,0.02,-0.1428571428571428,57.26181901001539,343.5709140600923,6,15,7,2,21
tracker_age4_hits1_thresh0.03.json,4,1,0.03,-0.1428571428571428,57.26181901001539,343.5709140600923,6,15,7,2,21
tracker_age4_hits1_thresh0.04.json,4,1,0.04,-0.1428571428571428,57.26181901001539,343.5709140600923,6,15,7,2,21
tracker_age4_hits1_thresh0.05.json,4,1,0.05,-0.19047619047619047,57.26181901001539,343.5709140600923,6,15,8,2,21
tracker_age4_hits1_thresh0.060000000000000005.json,4,1,0.060000000000000005,-0.19047619047619047,57.26181901001539,343.5709140600923,6,15,8,2,21
tracker_age4_hits1_thresh0.06999999999999999.json,4,1,0.06999999999999999,-0.19047619047619047,57.81737456557095,346.9042473934257,6,15,8,2,21
tracker_age4_hits1_thresh0.08.json,4,1,0.08,-0.19047619047619047,57.81737456557095,346.9042473934257,6,15,8,2,21
tracker_age4_hits1_thresh0.09.json,4,1,0.09,-0.19047619047619047,57.81737456557095,346.9042473934257,6,15,8,2,21
tracker_age4_hits2_thresh0.01.json,4,2,0.01,0.0,47.18517968517968,188.74071874071873,4,17,3,1,21
tracker_age4_hits2_thresh0.02.json,4,2,0.02,0.0,47.18517968517968,188.74071874071873,4,17,3,1,21
tracker_age4_hits2_thresh0.03.json,4,2,0.03,0.0,47.18517968517968,188.74071874071873,4,17,3,1,21
tracker_age4_hits2_thresh0.04.json,4,2,0.04,0.0,47.18517968517968,188.74071874071873,4,17,3,1,21
tracker_age4_hits2_thresh0.05.json,4,2,0.05,0.04761904761904767,47.18517968517968,188.74071874071873,4,17,2,1,21
tracker_age4_hits2_thresh0.060000000000000005.json,4,2,0.060000000000000005,0.04761904761904767,47.18517968517968,188.74071874071873,4,17,2,1,21
tracker_age4_hits2_thresh0.06999999999999999.json,4,2,0.06999999999999999,0.04761904761904767,48.01851301851301,192.07405207405205,4,17,2,1,21
tracker_age4_hits2_thresh0.08.json,4,2,0.08,0.04761904761904767,48.01851301851301,192.07405207405205,4,17,2,1,21
tracker_age4_hits2_thresh0.09.json,4,2,0.09,0.04761904761904767,48.01851301851301,192.07405207405205,4,17,2,1,21
tracker_age4_hits3_thresh0.01.json,4,3,0.01,0.04761904761904767,16.66666666666667,16.66666666666667,1,20,0,0,21
tracker_age4_hits3_thresh0.02.json,4,3,0.02,0.04761904761904767,16.66666666666667,16.66666666666667,1,20,0,0,21
tracker_age4_hits3_thresh0.03.json,4,3,0.03,0.04761904761904767,16.66666666666667,16.66666666666667,1,20,0,0,21
tracker_age4_hits3_thresh0.04.json,4,3,0.04,0.04761904761904767,16.66666666666667,16.66666666666667,1,20,0,0,21
tracker_age4_hits3_thresh0.05.json,4,3,0.05,0.04761904761904767,16.66666666666667,16.66666666666667,1,20,0,0,21
tracker_age4_hits3_thresh0.060000000000000005.json,4,3,0.060000000000000005,0.04761904761904767,16.66666666666667,16.66666666666667,1,20,0,0,21
tracker_age4_hits3_thresh0.06999999999999999.json,4,3,0.06999999999999999,0.04761904761904767,16.66666666666667,16.66666666666667,1,20,0,0,21
tracker_age4_hits3_thresh0.08.json,4,3,0.08,0.04761904761904767,16.66666666666667,16.66666666666667,1,20,0,0,21
tracker_age4_hits3_thresh0.09.json,4,3,0.09,0.04761904761904767,16.66666666666667,16.66666666666667,1,20,0,0,21
tracker_age4_hits4_thresh0.01.json,4,4,0.01,,,0.0,0,21,0,0,21
tracker_age4_hits4_thresh0.02.json,4,4,0.02,,,0.0,0,21,0,0,21
tracker_age4_hits4_thresh0.03.json,4,4,0.03,,,0.0,0,21,0,0,21
tracker_age4_hits4_thresh0.04.json,4,4,0.04,,,0.0,0,21,0,0,21
tracker_age4_hits4_thresh0.05.json,4,4,0.05,,,0.0,0,21,0,0,21
tracker_age4_hits4_thresh0.060000000000000005.json,4,4,0.060000000000000005,,,0.0,0,21,0,0,21
tracker_age4_hits4_thresh0.06999999999999999.json,4,4,0.06999999999999999,,,0.0,0,21,0,0,21
tracker_age4_hits4_thresh0.08.json,4,4,0.08,,,0.0,0,21,0,0,21
tracker_age4_hits4_thresh0.09.json,4,4,0.09,,,0.0,0,21,0,0,21
tracker_age4_hits5_thresh0.01.json,4,5,0.01,,,0.0,0,21,0,0,21
tracker_age4_hits5_thresh0.02.json,4,5,0.02,,,0.0,0,21,0,0,21
tracker_age4_hits5_thresh0.03.json,4,5,0.03,,,0.0,0,21,0,0,21
tracker_age4_hits5_thresh0.04.json,4,5,0.04,,,0.0,0,21,0,0,21
tracker_age4_hits5_thresh0.05.json,4,5,0.05,,,0.0,0,21,0,0,21
tracker_age4_hits5_thresh0.060000000000000005.json,4,5,0.060000000000000005,,,0.0,0,21,0,0,21
tracker_age4_hits5_thresh0.06999999999999999.json,4,5,0.06999999999999999,,,0.0,0,21,0,0,21
tracker_age4_hits5_thresh0.08.json,4,5,0.08,,,0.0,0,21,0,0,21
tracker_age4_hits5_thresh0.09.json,4,5,0.09,,,0.0,0,21,0,0,21
tracker_age4_hits6_thresh0.01.json,4,6,0.01,,,0.0,0,21,0,0,21
tracker_age4_hits6_thresh0.02.json,4,6,0.02,,,0.0,0,21,0,0,21
tracker_age4_hits6_thresh0.03.json,4,6,0.03,,,0.0,0,21,0,0,21
tracker_age4_hits6_thresh0.04.json,4,6,0.04,,,0.0,0,21,0,0,21
tracker_age4_hits6_thresh0.05.json,4,6,0.05,,,0.0,0,21,0,0,21
tracker_age4_hits6_thresh0.060000000000000005.json,4,6,0.060000000000000005,,,0.0,0,21,0,0,21
tracker_age4_hits6_thresh0.06999999999999999.json,4,6,0.06999999999999999,,,0.0,0,21,0,0,21
tracker_age4_hits6_thresh0.08.json,4,6,0.08,,,0.0,0,21,0,0,21
tracker_age4_hits6_thresh0.09.json,4,6,0.09,,,0.0,0,21,0,0,21
tracker_age4_hits7_thresh0.01.json,4,7,0.01,,,0.0,0,21,0,0,21
tracker_age4_hits7_thresh0.02.json,4,7,0.02,,,0.0,0,21,0,0,21
tracker_age4_hits7_thresh0.03.json,4,7,0.03,,,0.0,0,21,0,0,21
tracker_age4_hits7_thresh0.04.json,4,7,0.04,,,0.0,0,21,0,0,21
tracker_age4_hits7_thresh0.05.json,4,7,0.05,,,0.0,0,21,0,0,21
tracker_age4_hits7_thresh0.060000000000000005.json,4,7,0.060000000000000005,,,0.0,0,21,0,0,21
tracker_age4_hits7_thresh0.06999999999999999.json,4,7,0.06999999999999999,,,0.0,0,21,0,0,21
tracker_age4_hits7_thresh0.08.json,4,7,0.08,,,0.0,0,21,0,0,21
tracker_age4_hits7_thresh0.09.json,4,7,0.09,,,0.0,0,21,0,0,21
tracker_age4_hits8_thresh0.01.json,4,8,0.01,,,0.0,0,21,0,0,21
tracker_age4_hits8_thresh0.02.json,4,8,0.02,,,0.0,0,21,0,0,21
tracker_age4_hits8_thresh0.03.json,4,8,0.03,,,0.0,0,21,0,0,21
tracker_age4_hits8_thresh0.04.json,4,8,0.04,,,0.0,0,21,0,0,21
tracker_age4_hits8_thresh0.05.json,4,8,0.05,,,0.0,0,21,0,0,21
tracker_age4_hits8_thresh0.060000000000000005.json,4,8,0.060000000000000005,,,0.0,0,21,0,0,21
tracker_age4_hits8_thresh0.06999999999999999.json,4,8,0.06999999999999999,,,0.0,0,21,0,0,21
tracker_age4_hits8_thresh0.08.json,4,8,0.08,,,0.0,0,21,0,0,21
tracker_age4_hits8_thresh0.09.json,4,8,0.09,,,0.0,0,21,0,0,21
tracker_age4_hits9_thresh0.01.json,4,9,0.01,,,0.0,0,21,0,0,21
tracker_age4_hits9_thresh0.02.json,4,9,0.02,,,0.0,0,21,0,0,21
tracker_age4_hits9_thresh0.03.json,4,9,0.03,,,0.0,0,21,0,0,21
tracker_age4_hits9_thresh0.04.json,4,9,0.04,,,0.0,0,21,0,0,21
tracker_age4_hits9_thresh0.05.json,4,9,0.05,,,0.0,0,21,0,0,21
tracker_age4_hits9_thresh0.060000000000000005.json,4,9,0.060000000000000005,,,0.0,0,21,0,0,21
tracker_age4_hits9_thresh0.06999999999999999.json,4,9,0.06999999999999999,,,0.0,0,21,0,0,21
tracker_age4_hits9_thresh0.08.json,4,9,0.08,,,0.0,0,21,0,0,21
tracker_age4_hits9_thresh0.09.json,4,9,0.09,,,0.0,0,21,0,0,21
tracker_age5_hits1_thresh0.01.json,5,1,0.01,-0.33333333333333326,71.05624476423004,497.39371334961027,7,14,12,2,21
tracker_age5_hits1_thresh0.02.json,5,1,0.02,-0.33333333333333326,71.05624476423004,497.39371334961027,7,14,12,2,21
tracker_age5_hits1_thresh0.03.json,5,1,0.03,-0.33333333333333326,71.05624476423004,497.39371334961027,7,14,12,2,21
tracker_age5_hits1_thresh0.04.json,5,1,0.04,-0.33333333333333326,71.05624476423004,497.39371334961027,7,14,12,2,21
tracker_age5_hits1_thresh0.05.json,5,1,0.05,-0.38095238095238093,73.17447136521527,512.2212995565069,7,14,13,2,21
tracker_age5_hits1_thresh0.060000000000000005.json,5,1,0.060000000000000005,-0.38095238095238093,71.05624476423004,497.39371334961027,7,14,13,2,21
tracker_age5_hits1_thresh0.06999999999999999.json,5,1,0.06999999999999999,-0.38095238095238093,71.53243524042053,500.72704668294364,7,14,13,2,21
tracker_age5_hits1_thresh0.08.json,5,1,0.08,-0.38095238095238093,71.53243524042053,500.72704668294364,7,14,13,2,21
tracker_age5_hits1_thresh0.09.json,5,1,0.09,-0.38095238095238093,71.53243524042053,500.72704668294364,7,14,13,2,21
tracker_age5_hits2_thresh0.01.json,5,2,0.01,-0.04761904761904767,67.97103230386588,339.8551615193294,5,16,5,1,21
tracker_age5_hits2_thresh0.02.json,5,2,0.02,-0.04761904761904767,67.97103230386588,339.8551615193294,5,16,5,1,21
tracker_age5_hits2_thresh0.03.json,5,2,0.03,-0.04761904761904767,67.97103230386588,339.8551615193294,5,16,5,1,21
tracker_age5_hits2_thresh0.04.json,5,2,0.04,-0.04761904761904767,67.97103230386588,339.8551615193294,5,16,5,1,21
tracker_age5_hits2_thresh0.05.json,5,2,0.05,0.0,70.93654954524519,354.68274772622595,5,16,4,1,21
tracker_age5_hits2_thresh0.060000000000000005.json,5,2,0.060000000000000005,0.0,67.97103230386588,339.8551615193294,5,16,4,1,21
tracker_age5_hits2_thresh0.06999999999999999.json,5,2,0.06999999999999999,0.0,68.63769897053255,343.18849485266276,5,16,4,1,21
tracker_age5_hits2_thresh0.08.json,5,2,0.08,0.0,68.63769897053255,343.18849485266276,5,16,4,1,21
tracker_age5_hits2_thresh0.09.json,5,2,0.09,0.0,68.63769897053255,343.18849485266276,5,16,4,1,21
tracker_age5_hits3_thresh0.01.json,5,3,0.01,0.04761904761904767,16.66666666666667,16.66666666666667,1,20,0,0,21
tracker_age5_hits3_thresh0.02.json,5,3,0.02,0.04761904761904767,16.66666666666667,16.66666666666667,1,20,0,0,21
tracker_age5_hits3_thresh0.03.json,5,3,0.03,0.04761904761904767,16.66666666666667,16.66666666666667,1,20,0,0,21
tracker_age5_hits3_thresh0.04.json,5,3,0.04,0.04761904761904767,16.66666666666667,16.66666666666667,1,20,0,0,21
tracker_age5_hits3_thresh0.05.json,5,3,0.05,0.04761904761904767,16.66666666666667,16.66666666666667,1,20,0,0,21
tracker_age5_hits3_thresh0.060000000000000005.json,5,3,0.060000000000000005,0.04761904761904767,16.66666666666667,16.66666666666667,1,20,0,0,21
tracker_age5_hits3_thresh0.06999999999999999.json,5,3,0.06999999999999999,0.04761904761904767,16.66666666666667,16.66666666666667,1,20,0,0,21
tracker_age5_hits3_thresh0.08.json,5,3,0.08,0.04761904761904767,16.66666666666667,16.66666666666667,1,20,0,0,21
tracker_age5_hits3_thresh0.09.json,5,3,0.09,0.04761904761904767,16.66666666666667,16.66666666666667,1,20,0,0,21
tracker_age5_hits4_thresh0.01.json,5,4,0.01,,,0.0,0,21,0,0,21
tracker_age5_hits4_thresh0.02.json,5,4,0.02,,,0.0,0,21,0,0,21
tracker_age5_hits4_thresh0.03.json,5,4,0.03,,,0.0,0,21,0,0,21
tracker_age5_hits4_thresh0.04.json,5,4,0.04,,,0.0,0,21,0,0,21
tracker_age5_hits4_thresh0.05.json,5,4,0.05,,,0.0,0,21,0,0,21
tracker_age5_hits4_thresh0.060000000000000005.json,5,4,0.060000000000000005,,,0.0,0,21,0,0,21
tracker_age5_hits4_thresh0.06999999999999999.json,5,4,0.06999999999999999,,,0.0,0,21,0,0,21
tracker_age5_hits4_thresh0.08.json,5,4,0.08,,,0.0,0,21,0,0,21
tracker_age5_hits4_thresh0.09.json,5,4,0.09,,,0.0,0,21,0,0,21
tracker_age5_hits5_thresh0.01.json,5,5,0.01,,,0.0,0,21,0,0,21
tracker_age5_hits5_thresh0.02.json,5,5,0.02,,,0.0,0,21,0,0,21
tracker_age5_hits5_thresh0.03.json,5,5,0.03,,,0.0,0,21,0,0,21
tracker_age5_hits5_thresh0.04.json,5,5,0.04,,,0.0,0,21,0,0,21
tracker_age5_hits5_thresh0.05.json,5,5,0.05,,,0.0,0,21,0,0,21
tracker_age5_hits5_thresh0.060000000000000005.json,5,5,0.060000000000000005,,,0.0,0,21,0,0,21
tracker_age5_hits5_thresh0.06999999999999999.json,5,5,0.06999999999999999,,,0.0,0,21,0,0,21
tracker_age5_hits5_thresh0.08.json,5,5,0.08,,,0.0,0,21,0,0,21
tracker_age5_hits5_thresh0.09.json,5,5,0.09,,,0.0,0,21,0,0,21
tracker_age5_hits6_thresh0.01.json,5,6,0.01,,,0.0,0,21,0,0,21
tracker_age5_hits6_thresh0.02.json,5,6,0.02,,,0.0,0,21,0,0,21
tracker_age5_hits6_thresh0.03.json,5,6,0.03,,,0.0,0,21,0,0,21
tracker_age5_hits6_thresh0.04.json,5,6,0.04,,,0.0,0,21,0,0,21
tracker_age5_hits6_thresh0.05.json,5,6,0.05,,,0.0,0,21,0,0,21
tracker_age5_hits6_thresh0.060000000000000005.json,5,6,0.060000000000000005,,,0.0,0,21,0,0,21
tracker_age5_hits6_thresh0.06999999999999999.json,5,6,0.06999999999999999,,,0.0,0,21,0,0,21
tracker_age5_hits6_thresh0.08.json,5,6,0.08,,,0.0,0,21,0,0,21
tracker_age5_hits6_thresh0.09.json,5,6,0.09,,,0.0,0,21,0,0,21
tracker_age5_hits7_thresh0.01.json,5,7,0.01,,,0.0,0,21,0,0,21
tracker_age5_hits7_thresh0.02.json,5,7,0.02,,,0.0,0,21,0,0,21
tracker_age5_hits7_thresh0.03.json,5,7,0.03,,,0.0,0,21,0,0,21
tracker_age5_hits7_thresh0.04.json,5,7,0.04,,,0.0,0,21,0,0,21
tracker_age5_hits7_thresh0.05.json,5,7,0.05,,,0.0,0,21,0,0,21
tracker_age5_hits7_thresh0.060000000000000005.json,5,7,0.060000000000000005,,,0.0,0,21,0,0,21
tracker_age5_hits7_thresh0.06999999999999999.json,5,7,0.06999999999999999,,,0.0,0,21,0,0,21
tracker_age5_hits7_thresh0.08.json,5,7,0.08,,,0.0,0,21,0,0,21
tracker_age5_hits7_thresh0.09.json,5,7,0.09,,,0.0,0,21,0,0,21
tracker_age5_hits8_thresh0.01.json,5,8,0.01,,,0.0,0,21,0,0,21
tracker_age5_hits8_thresh0.02.json,5,8,0.02,,,0.0,0,21,0,0,21
tracker_age5_hits8_thresh0.03.json,5,8,0.03,,,0.0,0,21,0,0,21
tracker_age5_hits8_thresh0.04.json,5,8,0.04,,,0.0,0,21,0,0,21
tracker_age5_hits8_thresh0.05.json,5,8,0.05,,,0.0,0,21,0,0,21
tracker_age5_hits8_thresh0.060000000000000005.json,5,8,0.060000000000000005,,,0.0,0,21,0,0,21
tracker_age5_hits8_thresh0.06999999999999999.json,5,8,0.06999999999999999,,,0.0,0,21,0,0,21
tracker_age5_hits8_thresh0.08.json,5,8,0.08,,,0.0,0,21,0,0,21
tracker_age5_hits8_thresh0.09.json,5,8,0.09,,,0.0,0,21,0,0,21
tracker_age5_hits9_thresh0.01.json,5,9,0.01,,,0.0,0,21,0,0,21
tracker_age5_hits9_thresh0.02.json,5,9,0.02,,,0.0,0,21,0,0,21
tracker_age5_hits9_thresh0.03.json,5,9,0.03,,,0.0,0,21,0,0,21
tracker_age5_hits9_thresh0.04.json,5,9,0.04,,,0.0,0,21,0,0,21
tracker_age5_hits9_thresh0.05.json,5,9,0.05,,,0.0,0,21,0,0,21
tracker_age5_hits9_thresh0.060000000000000005.json,5,9,0.060000000000000005,,,0.0,0,21,0,0,21
tracker_age5_hits9_thresh0.06999999999999999.json,5,9,0.06999999999999999,,,0.0,0,21,0,0,21
tracker_age5_hits9_thresh0.08.json,5,9,0.08,,,0.0,0,21,0,0,21
tracker_age5_hits9_thresh0.09.json,5,9,0.09,,,0.0,0,21,0,0,21
tracker_age6_hits1_thresh0.01.json,6,1,0.01,-0.5238095238095237,64.97766244456336,519.8212995565069,8,13,16,3,21
tracker_age6_hits1_thresh0.02.json,6,1,0.02,-0.5238095238095237,64.97766244456336,519.8212995565069,8,13,16,3,21
tracker_age6_hits1_thresh0.03.json,6,1,0.03,-0.5238095238095237,64.97766244456336,519.8212995565069,8,13,16,3,21
tracker_age6_hits1_thresh0.04.json,6,1,0.04,-0.5238095238095237,64.97766244456336,519.8212995565069,8,13,16,3,21
tracker_age6_hits1_thresh0.05.json,6,1,0.05,-0.5238095238095237,73.72766244456336,589.8212995565069,8,13,16,3,21
tracker_age6_hits1_thresh0.060000000000000005.json,6,1,0.060000000000000005,-0.5714285714285714,67.47766244456336,539.8212995565069,8,13,17,3,21
tracker_age6_hits1_thresh0.06999999999999999.json,6,1,0.06999999999999999,-0.5714285714285714,67.89432911123002,543.1546328898402,8,13,17,3,21
tracker_age6_hits1_thresh0.08.json,6,1,0.08,-0.5714285714285714,67.89432911123002,543.1546328898402,8,13,17,3,21
tracker_age6_hits1_thresh0.09.json,6,1,0.09,-0.5714285714285714,67.89432911123002,543.1546328898402,8,13,17,3,21
tracker_age6_hits2_thresh0.01.json,6,2,0.01,-0.1428571428571428,56.93654954524519,284.68274772622595,5,16,7,1,21
tracker_age6_hits2_thresh0.02.json,6,2,0.02,-0.1428571428571428,56.93654954524519,284.68274772622595,5,16,7,1,21
tracker_age6_hits2_thresh0.03.json,6,2,0.03,-0.1428571428571428,56.93654954524519,284.68274772622595,5,16,7,1,21
tracker_age6_hits2_thresh0.04.json,6,2,0.04,-0.1428571428571428,56.93654954524519,284.68274772622595,5,16,7,1,21
tracker_age6_hits2_thresh0.05.json,6,2,0.05,-0.04761904761904767,70.93654954524519,354.68274772622595,5,16,5,1,21
tracker_age6_hits2_thresh0.060000000000000005.json,6,2,0.060000000000000005,-0.09523809523809534,60.93654954524519,304.68274772622595,5,16,6,1,21
tracker_age6_hits2_thresh0.06999999999999999.json,6,2,0.06999999999999999,-0.09523809523809534,61.603216211911864,308.0160810595593,5,16,6,1,21
tracker_age6_hits2_thresh0.08.json,6,2,0.08,-0.09523809523809534,61.603216211911864,308.0160810595593,5,16,6,1,21
tracker_age6_hits2_thresh0.09.json,6,2,0.09,-0.09523809523809534,61.603216211911864,308.0160810595593,5,16,6,1,21
tracker_age6_hits3_thresh0.01.json,6,3,0.01,0.0,30.0,30.0,1,20,1,0,21
tracker_age6_hits3_thresh0.02.json,6,3,0.02,0.0,30.0,30.0,1,20,1,0,21
tracker_age6_hits3_thresh0.03.json,6,3,0.03,0.0,30.0,30.0,1,20,1,0,21
tracker_age6_hits3_thresh0.04.json,6,3,0.04,0.0,30.0,30.0,1,20,1,0,21
tracker_age6_hits3_thresh0.05.json,6,3,0.05,0.04761904761904767,16.66666666666667,16.66666666666667,1,20,0,0,21
tracker_age6_hits3_thresh0.060000000000000005.json,6,3,0.060000000000000005,0.04761904761904767,16.66666666666667,16.66666666666667,1,20,0,0,21
tracker_age6_hits3_thresh0.06999999999999999.json,6,3,0.06999999999999999,0.04761904761904767,16.66666666666667,16.66666666666667,1,20,0,0,21
tracker_age6_hits3_thresh0.08.json,6,3,0.08,0.04761904761904767,16.66666666666667,16.66666666666667,1,20,0,0,21
tracker_age6_hits3_thresh0.09.json,6,3,0.09,0.04761904761904767,16.66666666666667,16.66666666666667,1,20,0,0,21
tracker_age6_hits4_thresh0.01.json,6,4,0.01,0.04761904761904767,30.0,30.0,1,20,0,0,21
tracker_age6_hits4_thresh0.02.json,6,4,0.02,0.04761904761904767,30.0,30.0,1,20,0,0,21
tracker_age6_hits4_thresh0.03.json,6,4,0.03,0.04761904761904767,30.0,30.0,1,20,0,0,21
tracker_age6_hits4_thresh0.04.json,6,4,0.04,0.04761904761904767,30.0,30.0,1,20,0,0,21
tracker_age6_hits4_thresh0.05.json,6,4,0.05,,,0.0,0,21,0,0,21
tracker_age6_hits4_thresh0.060000000000000005.json,6,4,0.060000000000000005,,,0.0,0,21,0,0,21
tracker_age6_hits4_thresh0.06999999999999999.json,6,4,0.06999999999999999,,,0.0,0,21,0,0,21
tracker_age6_hits4_thresh0.08.json,6,4,0.08,,,0.0,0,21,0,0,21
tracker_age6_hits4_thresh0.09.json,6,4,0.09,,,0.0,0,21,0,0,21
tracker_age6_hits5_thresh0.01.json,6,5,0.01,,,0.0,0,21,0,0,21
tracker_age6_hits5_thresh0.02.json,6,5,0.02,,,0.0,0,21,0,0,21
tracker_age6_hits5_thresh0.03.json,6,5,0.03,,,0.0,0,21,0,0,21
tracker_age6_hits5_thresh0.04.json,6,5,0.04,,,0.0,0,21,0,0,21
tracker_age6_hits5_thresh0.05.json,6,5,0.05,,,0.0,0,21,0,0,21
tracker_age6_hits5_thresh0.060000000000000005.json,6,5,0.060000000000000005,,,0.0,0,21,0,0,21
tracker_age6_hits5_thresh0.06999999999999999.json,6,5,0.06999999999999999,,,0.0,0,21,0,0,21
tracker_age6_hits5_thresh0.08.json,6,5,0.08,,,0.0,0,21,0,0,21
tracker_age6_hits5_thresh0.09.json,6,5,0.09,,,0.0,0,21,0,0,21
tracker_age6_hits6_thresh0.01.json,6,6,0.01,,,0.0,0,21,0,0,21
tracker_age6_hits6_thresh0.02.json,6,6,0.02,,,0.0,0,21,0,0,21
tracker_age6_hits6_thresh0.03.json,6,6,0.03,,,0.0,0,21,0,0,21
tracker_age6_hits6_thresh0.04.json,6,6,0.04,,,0.0,0,21,0,0,21
tracker_age6_hits6_thresh0.05.json,6,6,0.05,,,0.0,0,21,0,0,21
tracker_age6_hits6_thresh0.060000000000000005.json,6,6,0.060000000000000005,,,0.0,0,21,0,0,21
tracker_age6_hits6_thresh0.06999999999999999.json,6,6,0.06999999999999999,,,0.0,0,21,0,0,21
tracker_age6_hits6_thresh0.08.json,6,6,0.08,,,0.0,0,21,0,0,21
tracker_age6_hits6_thresh0.09.json,6,6,0.09,,,0.0,0,21,0,0,21
tracker_age6_hits7_thresh0.01.json,6,7,0.01,,,0.0,0,21,0,0,21
tracker_age6_hits7_thresh0.02.json,6,7,0.02,,,0.0,0,21,0,0,21
tracker_age6_hits7_thresh0.03.json,6,7,0.03,,,0.0,0,21,0,0,21
tracker_age6_hits7_thresh0.04.json,6,7,0.04,,,0.0,0,21,0,0,21
tracker_age6_hits7_thresh0.05.json,6,7,0.05,,,0.0,0,21,0,0,21
tracker_age6_hits7_thresh0.060000000000000005.json,6,7,0.060000000000000005,,,0.0,0,21,0,0,21
tracker_age6_hits7_thresh0.06999999999999999.json,6,7,0.06999999999999999,,,0.0,0,21,0,0,21
tracker_age6_hits7_thresh0.08.json,6,7,0.08,,,0.0,0,21,0,0,21
tracker_age6_hits7_thresh0.09.json,6,7,0.09,,,0.0,0,21,0,0,21
tracker_age6_hits8_thresh0.01.json,6,8,0.01,,,0.0,0,21,0,0,21
tracker_age6_hits8_thresh0.02.json,6,8,0.02,,,0.0,0,21,0,0,21
tracker_age6_hits8_thresh0.03.json,6,8,0.03,,,0.0,0,21,0,0,21
tracker_age6_hits8_thresh0.04.json,6,8,0.04,,,0.0,0,21,0,0,21
tracker_age6_hits8_thresh0.05.json,6,8,0.05,,,0.0,0,21,0,0,21
tracker_age6_hits8_thresh0.060000000000000005.json,6,8,0.060000000000000005,,,0.0,0,21,0,0,21
tracker_age6_hits8_thresh0.06999999999999999.json,6,8,0.06999999999999999,,,0.0,0,21,0,0,21
tracker_age6_hits8_thresh0.08.json,6,8,0.08,,,0.0,0,21,0,0,21
tracker_age6_hits8_thresh0.09.json,6,8,0.09,,,0.0,0,21,0,0,21
tracker_age6_hits9_thresh0.01.json,6,9,0.01,,,0.0,0,21,0,0,21
tracker_age6_hits9_thresh0.02.json,6,9,0.02,,,0.0,0,21,0,0,21
tracker_age6_hits9_thresh0.03.json,6,9,0.03,,,0.0,0,21,0,0,21
tracker_age6_hits9_thresh0.04.json,6,9,0.04,,,0.0,0,21,0,0,21
tracker_age6_hits9_thresh0.05.json,6,9,0.05,,,0.0,0,21,0,0,21
tracker_age6_hits9_thresh0.060000000000000005.json,6,9,0.060000000000000005,,,0.0,0,21,0,0,21
tracker_age6_hits9_thresh0.06999999999999999.json,6,9,0.06999999999999999,,,0.0,0,21,0,0,21
tracker_age6_hits9_thresh0.08.json,6,9,0.08,,,0.0,0,21,0,0,21
tracker_age6_hits9_thresh0.09.json,6,9,0.09,,,0.0,0,21,0,0,21
tracker_age7_hits1_thresh0.01.json,7,1,0.01,-0.5714285714285714,70.35708032398124,562.8566425918499,8,13,17,3,21
tracker_age7_hits1_thresh0.02.json,7,1,0.02,-0.5714285714285714,70.35708032398124,562.8566425918499,8,13,17,3,21
tracker_age7_hits1_thresh0.03.json,7,1,0.03,-0.5714285714285714,70.35708032398124,562.8566425918499,8,13,17,3,21
tracker_age7_hits1_thresh0.04.json,7,1,0.04,-0.5714285714285714,70.35708032398124,562.8566425918499,8,13,17,3,21
tracker_age7_hits1_thresh0.05.json,7,1,0.05,-0.6190476190476191,79.10708032398124,632.8566425918499,8,13,18,3,21
tracker_age7_hits1_thresh0.060000000000000005.json,7,1,0.060000000000000005,-0.6190476190476191,72.85708032398124,582.8566425918499,8,13,18,3,21
tracker_age7_hits1_thresh0.06999999999999999.json,7,1,0.06999999999999999,-0.6190476190476191,73.2737469906479,586.1899759251831,8,13,18,3,21
tracker_age7_hits1_thresh0.08.json,7,1,0.08,-0.6190476190476191,73.2737469906479,586.1899759251831,8,13,18,3,21
tracker_age7_hits1_thresh0.09.json,7,1,0.09,-0.6190476190476191,73.2737469906479,586.1899759251831,8,13,18,3,21
tracker_age7_hits2_thresh0.01.json,7,2,0.01,-0.1428571428571428,56.93654954524519,284.68274772622595,5,16,7,1,21
tracker_age7_hits2_thresh0.02.json,7,2,0.02,-0.1428571428571428,56.93654954524519,284.68274772622595,5,16,7,1,21
tracker_age7_hits2_thresh0.03.json,7,2,0.03,-0.1428571428571428,56.93654954524519,284.68274772622595,5,16,7,1,21
tracker_age7_hits2_thresh0.04.json,7,2,0.04,-0.1428571428571428,56.93654954524519,284.68274772622595,5,16,7,1,21
tracker_age7_hits2_thresh0.05.json,7,2,0.05,-0.09523809523809534,70.93654954524519,354.68274772622595,5,16,6,1,21
tracker_age7_hits2_thresh0.060000000000000005.json,7,2,0.060000000000000005,-0.09523809523809534,60.93654954524519,304.68274772622595,5,16,6,1,21
tracker_age7_hits2_thresh0.06999999999999999.json,7,2,0.06999999999999999,-0.09523809523809534,61.603216211911864,308.0160810595593,5,16,6,1,21
tracker_age7_hits2_thresh0.08.json,7,2,0.08,-0.09523809523809534,61.603216211911864,308.0160810595593,5,16,6,1,21
tracker_age7_hits2_thresh0.09.json,7,2,0.09,-0.09523809523809534,61.603216211911864,308.0160810595593,5,16,6,1,21
tracker_age7_hits3_thresh0.01.json,7,3,0.01,0.0,30.0,30.0,1,20,1,0,21
tracker_age7_hits3_thresh0.02.json,7,3,0.02,0.0,30.0,30.0,1,20,1,0,21
tracker_age7_hits3_thresh0.03.json,7,3,0.03,0.0,30.0,30.0,1,20,1,0,21
tracker_age7_hits3_thresh0.04.json,7,3,0.04,0.0,30.0,30.0,1,20,1,0,21
tracker_age7_hits3_thresh0.05.json,7,3,0.05,0.04761904761904767,16.66666666666667,16.66666666666667,1,20,0,0,21
tracker_age7_hits3_thresh0.060000000000000005.json,7,3,0.060000000000000005,0.04761904761904767,16.66666666666667,16.66666666666667,1,20,0,0,21
tracker_age7_hits3_thresh0.06999999999999999.json,7,3,0.06999999999999999,0.04761904761904767,16.66666666666667,16.66666666666667,1,20,0,0,21
tracker_age7_hits3_thresh0.08.json,7,3,0.08,0.04761904761904767,16.66666666666667,16.66666666666667,1,20,0,0,21
tracker_age7_hits3_thresh0.09.json,7,3,0.09,0.04761904761904767,16.66666666666667,16.66666666666667,1,20,0,0,21
tracker_age7_hits4_thresh0.01.json,7,4,0.01,0.04761904761904767,30.0,30.0,1,20,0,0,21
tracker_age7_hits4_thresh0.02.json,7,4,0.02,0.04761904761904767,30.0,30.0,1,20,0,0,21
tracker_age7_hits4_thresh0.03.json,7,4,0.03,0.04761904761904767,30.0,30.0,1,20,0,0,21
tracker_age7_hits4_thresh0.04.json,7,4,0.04,0.04761904761904767,30.0,30.0,1,20,0,0,21
tracker_age7_hits4_thresh0.05.json,7,4,0.05,,,0.0,0,21,0,0,21
tracker_age7_hits4_thresh0.060000000000000005.json,7,4,0.060000000000000005,,,0.0,0,21,0,0,21
tracker_age7_hits4_thresh0.06999999999999999.json,7,4,0.06999999999999999,,,0.0,0,21,0,0,21
tracker_age7_hits4_thresh0.08.json,7,4,0.08,,,0.0,0,21,0,0,21
tracker_age7_hits4_thresh0.09.json,7,4,0.09,,,0.0,0,21,0,0,21
tracker_age7_hits5_thresh0.01.json,7,5,0.01,,,0.0,0,21,0,0,21
tracker_age7_hits5_thresh0.02.json,7,5,0.02,,,0.0,0,21,0,0,21
tracker_age7_hits5_thresh0.03.json,7,5,0.03,,,0.0,0,21,0,0,21
tracker_age7_hits5_thresh0.04.json,7,5,0.04,,,0.0,0,21,0,0,21
tracker_age7_hits5_thresh0.05.json,7,5,0.05,,,0.0,0,21,0,0,21
tracker_age7_hits5_thresh0.060000000000000005.json,7,5,0.060000000000000005,,,0.0,0,21,0,0,21
tracker_age7_hits5_thresh0.06999999999999999.json,7,5,0.06999999999999999,,,0.0,0,21,0,0,21
tracker_age7_hits5_thresh0.08.json,7,5,0.08,,,0.0,0,21,0,0,21
tracker_age7_hits5_thresh0.09.json,7,5,0.09,,,0.0,0,21,0,0,21
tracker_age7_hits6_thresh0.01.json,7,6,0.01,,,0.0,0,21,0,0,21
tracker_age7_hits6_thresh0.02.json,7,6,0.02,,,0.0,0,21,0,0,21
tracker_age7_hits6_thresh0.03.json,7,6,0.03,,,0.0,0,21,0,0,21
tracker_age7_hits6_thresh0.04.json,7,6,0.04,,,0.0,0,21,0,0,21
tracker_age7_hits6_thresh0.05.json,7,6,0.05,,,0.0,0,21,0,0,21
tracker_age7_hits6_thresh0.060000000000000005.json,7,6,0.060000000000000005,,,0.0,0,21,0,0,21
tracker_age7_hits6_thresh0.06999999999999999.json,7,6,0.06999999999999999,,,0.0,0,21,0,0,21
tracker_age7_hits6_thresh0.08.json,7,6,0.08,,,0.0,0,21,0,0,21
tracker_age7_hits6_thresh0.09.json,7,6,0.09,,,0.0,0,21,0,0,21
tracker_age7_hits7_thresh0.01.json,7,7,0.01,,,0.0,0,21,0,0,21
tracker_age7_hits7_thresh0.02.json,7,7,0.02,,,0.0,0,21,0,0,21
tracker_age7_hits7_thresh0.03.json,7,7,0.03,,,0.0,0,21,0,0,21
tracker_age7_hits7_thresh0.04.json,7,7,0.04,,,0.0,0,21,0,0,21
tracker_age7_hits7_thresh0.05.json,7,7,0.05,,,0.0,0,21,0,0,21
tracker_age7_hits7_thresh0.060000000000000005.json,7,7,0.060000000000000005,,,0.0,0,21,0,0,21
tracker_age7_hits7_thresh0.06999999999999999.json,7,7,0.06999999999999999,,,0.0,0,21,0,0,21
tracker_age7_hits7_thresh0.08.json,7,7,0.08,,,0.0,0,21,0,0,21
tracker_age7_hits7_thresh0.09.json,7,7,0.09,,,0.0,0,21,0,0,21
tracker_age7_hits8_thresh0.01.json,7,8,0.01,,,0.0,0,21,0,0,21
tracker_age7_hits8_thresh0.02.json,7,8,0.02,,,0.0,0,21,0,0,21
tracker_age7_hits8_thresh0.03.json,7,8,0.03,,,0.0,0,21,0,0,21
tracker_age7_hits8_thresh0.04.json,7,8,0.04,,,0.0,0,21,0,0,21
tracker_age7_hits8_thresh0.05.json,7,8,0.05,,,0.0,0,21,0,0,21
tracker_age7_hits8_thresh0.060000000000000005.json,7,8,0.060000000000000005,,,0.0,0,21,0,0,21
tracker_age7_hits8_thresh0.06999999999999999.json,7,8,0.06999999999999999,,,0.0,0,21,0,0,21
tracker_age7_hits8_thresh0.08.json,7,8,0.08,,,0.0,0,21,0,0,21
tracker_age7_hits8_thresh0.09.json,7,8,0.09,,,0.0,0,21,0,0,21
tracker_age7_hits9_thresh0.01.json,7,9,0.01,,,0.0,0,21,0,0,21
tracker_age7_hits9_thresh0.02.json,7,9,0.02,,,0.0,0,21,0,0,21
tracker_age7_hits9_thresh0.03.json,7,9,0.03,,,0.0,0,21,0,0,21
tracker_age7_hits9_thresh0.04.json,7,9,0.04,,,0.0,0,21,0,0,21
tracker_age7_hits9_thresh0.05.json,7,9,0.05,,,0.0,0,21,0,0,21
tracker_age7_hits9_thresh0.060000000000000005.json,7,9,0.060000000000000005,,,0.0,0,21,0,0,21
tracker_age7_hits9_thresh0.06999999999999999.json,7,9,0.06999999999999999,,,0.0,0,21,0,0,21
tracker_age7_hits9_thresh0.08.json,7,9,0.08,,,0.0,0,21,0,0,21
tracker_age7_hits9_thresh0.09.json,7,9,0.09,,,0.0,0,21,0,0,21
tracker_age8_hits1_thresh0.01.json,8,1,0.01,-0.8095238095238095,65.44140546981565,588.9726492283409,9,12,21,5,21
tracker_age8_hits1_thresh0.02.json,8,1,0.02,-0.8095238095238095,65.44140546981565,588.9726492283409,9,12,21,5,21
tracker_age8_hits1_thresh0.03.json,8,1,0.03,-0.8095238095238095,65.44140546981565,588.9726492283409,9,12,21,5,21
tracker_age8_hits1_thresh0.04.json,8,1,0.04,-0.8095238095238095,65.44140546981565,588.9726492283409,9,12,21,5,21
tracker_age8_hits1_thresh0.05.json,8,1,0.05,-0.8571428571428572,73.21918324759343,658.9726492283409,9,12,22,5,21
tracker_age8_hits1_thresh0.060000000000000005.json,8,1,0.060000000000000005,-0.8571428571428572,67.66362769203788,608.9726492283409,9,12,22,5,21
tracker_age8_hits1_thresh0.06999999999999999.json,8,1,0.06999999999999999,-0.8571428571428572,68.03399806240823,612.3059825616741,9,12,22,5,21
tracker_age8_hits1_thresh0.08.json,8,1,0.08,-0.8571428571428572,68.03399806240823,612.3059825616741,9,12,22,5,21
tracker_age8_hits1_thresh0.09.json,8,1,0.09,-0.8571428571428572,68.03399806240823,612.3059825616741,9,12,22,5,21
tracker_age8_hits2_thresh0.01.json,8,2,0.01,-0.19047619047619047,63.48845142908551,380.93070857451306,6,15,8,2,21
tracker_age8_hits2_thresh0.02.json,8,2,0.02,-0.19047619047619047,63.48845142908551,380.93070857451306,6,15,8,2,21
tracker_age8_hits2_thresh0.03.json,8,2,0.03,-0.19047619047619047,63.48845142908551,380.93070857451306,6,15,8,2,21
tracker_age8_hits2_thresh0.04.json,8,2,0.04,-0.19047619047619047,63.48845142908551,380.93070857451306,6,15,8,2,21
tracker_age8_hits2_thresh0.05.json,8,2,0.05,-0.1428571428571428,75.15511809575217,450.93070857451306,6,15,7,2,21
tracker_age8_hits2_thresh0.060000000000000005.json,8,2,0.060000000000000005,-0.1428571428571428,66.82178476241884,400.93070857451306,6,15,7,2,21
tracker_age8_hits2_thresh0.06999999999999999.json,8,2,0.06999999999999999,-0.1428571428571428,67.3773403179744,404.26404190784643,6,15,7,2,21
tracker_age8_hits2_thresh0.08.json,8,2,0.08,-0.1428571428571428,67.3773403179744,404.26404190784643,6,15,7,2,21
tracker_age8_hits2_thresh0.09.json,8,2,0.09,-0.1428571428571428,67.3773403179744,404.26404190784643,6,15,7,2,21
tracker_age8_hits3_thresh0.01.json,8,3,0.01,0.0,30.0,30.0,1,20,1,0,21
tracker_age8_hits3_thresh0.02.json,8,3,0.02,0.0,30.0,30.0,1,20,1,0,21
tracker_age8_hits3_thresh0.03.json,8,3,0.03,0.0,30.0,30.0,1,20,1,0,21
tracker_age8_hits3_thresh0.04.json,8,3,0.04,0.0,30.0,30.0,1,20,1,0,21
tracker_age8_hits3_thresh0.05.json,8,3,0.05,0.04761904761904767,16.66666666666667,16.66666666666667,1,20,0,0,21
tracker_age8_hits3_thresh0.060000000000000005.json,8,3,0.060000000000000005,0.04761904761904767,16.66666666666667,16.66666666666667,1,20,0,0,21
tracker_age8_hits3_thresh0.06999999999999999.json,8,3,0.06999999999999999,0.04761904761904767,16.66666666666667,16.66666666666667,1,20,0,0,21
tracker_age8_hits3_thresh0.08.json,8,3,0.08,0.04761904761904767,16.66666666666667,16.66666666666667,1,20,0,0,21
tracker_age8_hits3_thresh0.09.json,8,3,0.09,0.04761904761904767,16.66666666666667,16.66666666666667,1,20,0,0,21
tracker_age8_hits4_thresh0.01.json,8,4,0.01,0.04761904761904767,30.0,30.0,1,20,0,0,21
tracker_age8_hits4_thresh0.02.json,8,4,0.02,0.04761904761904767,30.0,30.0,1,20,0,0,21
tracker_age8_hits4_thresh0.03.json,8,4,0.03,0.04761904761904767,30.0,30.0,1,20,0,0,21
tracker_age8_hits4_thresh0.04.json,8,4,0.04,0.04761904761904767,30.0,30.0,1,20,0,0,21
tracker_age8_hits4_thresh0.05.json,8,4,0.05,,,0.0,0,21,0,0,21
tracker_age8_hits4_thresh0.060000000000000005.json,8,4,0.060000000000000005,,,0.0,0,21,0,0,21
tracker_age8_hits4_thresh0.06999999999999999.json,8,4,0.06999999999999999,,,0.0,0,21,0,0,21
tracker_age8_hits4_thresh0.08.json,8,4,0.08,,,0.0,0,21,0,0,21
tracker_age8_hits4_thresh0.09.json,8,4,0.09,,,0.0,0,21,0,0,21
tracker_age8_hits5_thresh0.01.json,8,5,0.01,,,0.0,0,21,0,0,21
tracker_age8_hits5_thresh0.02.json,8,5,0.02,,,0.0,0,21,0,0,21
tracker_age8_hits5_thresh0.03.json,8,5,0.03,,,0.0,0,21,0,0,21
tracker_age8_hits5_thresh0.04.json,8,5,0.04,,,0.0,0,21,0,0,21
tracker_age8_hits5_thresh0.05.json,8,5,0.05,,,0.0,0,21,0,0,21
tracker_age8_hits5_thresh0.060000000000000005.json,8,5,0.060000000000000005,,,0.0,0,21,0,0,21
tracker_age8_hits5_thresh0.06999999999999999.json,8,5,0.06999999999999999,,,0.0,0,21,0,0,21
tracker_age8_hits5_thresh0.08.json,8,5,0.08,,,0.0,0,21,0,0,21
tracker_age8_hits5_thresh0.09.json,8,5,0.09,,,0.0,0,21,0,0,21
tracker_age8_hits6_thresh0.01.json,8,6,0.01,,,0.0,0,21,0,0,21
tracker_age8_hits6_thresh0.02.json,8,6,0.02,,,0.0,0,21,0,0,21
tracker_age8_hits6_thresh0.03.json,8,6,0.03,,,0.0,0,21,0,0,21
tracker_age8_hits6_thresh0.04.json,8,6,0.04,,,0.0,0,21,0,0,21
tracker_age8_hits6_thresh0.05.json,8,6,0.05,,,0.0,0,21,0,0,21
tracker_age8_hits6_thresh0.060000000000000005.json,8,6,0.060000000000000005,,,0.0,0,21,0,0,21
tracker_age8_hits6_thresh0.06999999999999999.json,8,6,0.06999999999999999,,,0.0,0,21,0,0,21
tracker_age8_hits6_thresh0.08.json,8,6,0.08,,,0.0,0,21,0,0,21
tracker_age8_hits6_thresh0.09.json,8,6,0.09,,,0.0,0,21,0,0,21
tracker_age8_hits7_thresh0.01.json,8,7,0.01,,,0.0,0,21,0,0,21
tracker_age8_hits7_thresh0.02.json,8,7,0.02,,,0.0,0,21,0,0,21
tracker_age8_hits7_thresh0.03.json,8,7,0.03,,,0.0,0,21,0,0,21
tracker_age8_hits7_thresh0.04.json,8,7,0.04,,,0.0,0,21,0,0,21
tracker_age8_hits7_thresh0.05.json,8,7,0.05,,,0.0,0,21,0,0,21
tracker_age8_hits7_thresh0.060000000000000005.json,8,7,0.060000000000000005,,,0.0,0,21,0,0,21
tracker_age8_hits7_thresh0.06999999999999999.json,8,7,0.06999999999999999,,,0.0,0,21,0,0,21
tracker_age8_hits7_thresh0.08.json,8,7,0.08,,,0.0,0,21,0,0,21
tracker_age8_hits7_thresh0.09.json,8,7,0.09,,,0.0,0,21,0,0,21
tracker_age8_hits8_thresh0.01.json,8,8,0.01,,,0.0,0,21,0,0,21
tracker_age8_hits8_thresh0.02.json,8,8,0.02,,,0.0,0,21,0,0,21
tracker_age8_hits8_thresh0.03.json,8,8,0.03,,,0.0,0,21,0,0,21
tracker_age8_hits8_thresh0.04.json,8,8,0.04,,,0.0,0,21,0,0,21
tracker_age8_hits8_thresh0.05.json,8,8,0.05,,,0.0,0,21,0,0,21
tracker_age8_hits8_thresh0.060000000000000005.json,8,8,0.060000000000000005,,,0.0,0,21,0,0,21
tracker_age8_hits8_thresh0.06999999999999999.json,8,8,0.06999999999999999,,,0.0,0,21,0,0,21
tracker_age8_hits8_thresh0.08.json,8,8,0.08,,,0.0,0,21,0,0,21
tracker_age8_hits8_thresh0.09.json,8,8,0.09,,,0.0,0,21,0,0,21
tracker_age8_hits9_thresh0.01.json,8,9,0.01,,,0.0,0,21,0,0,21
tracker_age8_hits9_thresh0.02.json,8,9,0.02,,,0.0,0,21,0,0,21
tracker_age8_hits9_thresh0.03.json,8,9,0.03,,,0.0,0,21,0,0,21
tracker_age8_hits9_thresh0.04.json,8,9,0.04,,,0.0,0,21,0,0,21
tracker_age8_hits9_thresh0.05.json,8,9,0.05,,,0.0,0,21,0,0,21
tracker_age8_hits9_thresh0.060000000000000005.json,8,9,0.060000000000000005,,,0.0,0,21,0,0,21
tracker_age8_hits9_thresh0.06999999999999999.json,8,9,0.06999999999999999,,,0.0,0,21,0,0,21
tracker_age8_hits9_thresh0.08.json,8,9,0.08,,,0.0,0,21,0,0,21
tracker_age8_hits9_thresh0.09.json,8,9,0.09,,,0.0,0,21,0,0,21
tracker_age9_hits1_thresh0.01.json,9,1,0.01,-1.0,73.74658270389608,663.7192443350647,9,12,25,5,21
tracker_age9_hits1_thresh0.02.json,9,1,0.02,-1.0,73.74658270389608,663.7192443350647,9,12,25,5,21
tracker_age9_hits1_thresh0.03.json,9,1,0.03,-1.0,73.74658270389608,663.7192443350647,9,12,25,5,21
tracker_age9_hits1_thresh0.04.json,9,1,0.04,-1.0,73.74658270389608,663.7192443350647,9,12,25,5,21
tracker_age9_hits1_thresh0.05.json,9,1,0.05,-1.0476190476190474,79.20824154583661,712.8741739125295,9,12,26,5,21
tracker_age9_hits1_thresh0.060000000000000005.json,9,1,0.060000000000000005,-1.0476190476190474,79.20824154583661,712.8741739125295,9,12,26,5,21
tracker_age9_hits1_thresh0.06999999999999999.json,9,1,0.06999999999999999,-1.0476190476190474,79.57861191620697,716.2075072458628,9,12,26,5,21
tracker_age9_hits1_thresh0.08.json,9,1,0.08,-1.0476190476190474,79.57861191620697,716.2075072458628,9,12,26,5,21
tracker_age9_hits1_thresh0.09.json,9,1,0.09,-1.0476190476190474,79.57861191620697,716.2075072458628,9,12,26,5,21
tracker_age9_hits2_thresh0.01.json,9,2,0.01,-0.2857142857142858,63.48845142908551,380.93070857451306,6,15,10,2,21
tracker_age9_hits2_thresh0.02.json,9,2,0.02,-0.2857142857142858,63.48845142908551,380.93070857451306,6,15,10,2,21
tracker_age9_hits2_thresh0.03.json,9,2,0.03,-0.2857142857142858,63.48845142908551,380.93070857451306,6,15,10,2,21
tracker_age9_hits2_thresh0.04.json,9,2,0.04,-0.2857142857142858,63.48845142908551,380.93070857451306,6,15,10,2,21
tracker_age9_hits2_thresh0.05.json,9,2,0.05,-0.23809523809523814,71.6809396919963,430.08563815197783,6,15,9,2,21
tracker_age9_hits2_thresh0.060000000000000005.json,9,2,0.060000000000000005,-0.23809523809523814,71.6809396919963,430.08563815197783,6,15,9,2,21
tracker_age9_hits2_thresh0.06999999999999999.json,9,2,0.06999999999999999,-0.23809523809523814,72.23649524755187,433.4189714853112,6,15,9,2,21
tracker_age9_hits2_thresh0.08.json,9,2,0.08,-0.23809523809523814,72.23649524755187,433.4189714853112,6,15,9,2,21
tracker_age9_hits2_thresh0.09.json,9,2,0.09,-0.23809523809523814,72.23649524755187,433.4189714853112,6,15,9,2,21
tracker_age9_hits3_thresh0.01.json,9,3,0.01,0.0,30.0,30.0,1,20,1,0,21
tracker_age9_hits3_thresh0.02.json,9,3,0.02,0.0,30.0,30.0,1,20,1,0,21
tracker_age9_hits3_thresh0.03.json,9,3,0.03,0.0,30.0,30.0,1,20,1,0,21
tracker_age9_hits3_thresh0.04.json,9,3,0.04,0.0,30.0,30.0,1,20,1,0,21
tracker_age9_hits3_thresh0.05.json,9,3,0.05,0.04761904761904767,16.66666666666667,16.66666666666667,1,20,0,0,21
tracker_age9_hits3_thresh0.060000000000000005.json,9,3,0.060000000000000005,0.04761904761904767,16.66666666666667,16.66666666666667,1,20,0,0,21
tracker_age9_hits3_thresh0.06999999999999999.json,9,3,0.06999999999999999,0.04761904761904767,16.66666666666667,16.66666666666667,1,20,0,0,21
tracker_age9_hits3_thresh0.08.json,9,3,0.08,0.04761904761904767,16.66666666666667,16.66666666666667,1,20,0,0,21
tracker_age9_hits3_thresh0.09.json,9,3,0.09,0.04761904761904767,16.66666666666667,16.66666666666667,1,20,0,0,21
tracker_age9_hits4_thresh0.01.json,9,4,0.01,0.04761904761904767,30.0,30.0,1,20,0,0,21
tracker_age9_hits4_thresh0.02.json,9,4,0.02,0.04761904761904767,30.0,30.0,1,20,0,0,21
tracker_age9_hits4_thresh0.03.json,9,4,0.03,0.04761904761904767,30.0,30.0,1,20,0,0,21
tracker_age9_hits4_thresh0.04.json,9,4,0.04,0.04761904761904767,30.0,30.0,1,20,0,0,21
tracker_age9_hits4_thresh0.05.json,9,4,0.05,,,0.0,0,21,0,0,21
tracker_age9_hits4_thresh0.060000000000000005.json,9,4,0.060000000000000005,,,0.0,0,21,0,0,21
tracker_age9_hits4_thresh0.06999999999999999.json,9,4,0.06999999999999999,,,0.0,0,21,0,0,21
tracker_age9_hits4_thresh0.08.json,9,4,0.08,,,0.0,0,21,0,0,21
tracker_age9_hits4_thresh0.09.json,9,4,0.09,,,0.0,0,21,0,0,21
tracker_age9_hits5_thresh0.01.json,9,5,0.01,,,0.0,0,21,0,0,21
tracker_age9_hits5_thresh0.02.json,9,5,0.02,,,0.0,0,21,0,0,21
tracker_age9_hits5_thresh0.03.json,9,5,0.03,,,0.0,0,21,0,0,21
tracker_age9_hits5_thresh0.04.json,9,5,0.04,,,0.0,0,21,0,0,21
tracker_age9_hits5_thresh0.05.json,9,5,0.05,,,0.0,0,21,0,0,21
tracker_age9_hits5_thresh0.060000000000000005.json,9,5,0.060000000000000005,,,0.0,0,21,0,0,21
tracker_age9_hits5_thresh0.06999999999999999.json,9,5,0.06999999999999999,,,0.0,0,21,0,0,21
tracker_age9_hits5_thresh0.08.json,9,5,0.08,,,0.0,0,21,0,0,21
tracker_age9_hits5_thresh0.09.json,9,5,0.09,,,0.0,0,21,0,0,21
tracker_age9_hits6_thresh0.01.json,9,6,0.01,,,0.0,0,21,0,0,21
tracker_age9_hits6_thresh0.02.json,9,6,0.02,,,0.0,0,21,0,0,21
tracker_age9_hits6_thresh0.03.json,9,6,0.03,,,0.0,0,21,0,0,21
tracker_age9_hits6_thresh0.04.json,9,6,0.04,,,0.0,0,21,0,0,21
tracker_age9_hits6_thresh0.05.json,9,6,0.05,,,0.0,0,21,0,0,21
tracker_age9_hits6_thresh0.060000000000000005.json,9,6,0.060000000000000005,,,0.0,0,21,0,0,21
tracker_age9_hits6_thresh0.06999999999999999.json,9,6,0.06999999999999999,,,0.0,0,21,0,0,21
tracker_age9_hits6_thresh0.08.json,9,6,0.08,,,0.0,0,21,0,0,21
tracker_age9_hits6_thresh0.09.json,9,6,0.09,,,0.0,0,21,0,0,21
tracker_age9_hits7_thresh0.01.json,9,7,0.01,,,0.0,0,21,0,0,21
tracker_age9_hits7_thresh0.02.json,9,7,0.02,,,0.0,0,21,0,0,21
tracker_age9_hits7_thresh0.03.json,9,7,0.03,,,0.0,0,21,0,0,21
tracker_age9_hits7_thresh0.04.json,9,7,0.04,,,0.0,0,21,0,0,21
tracker_age9_hits7_thresh0.05.json,9,7,0.05,,,0.0,0,21,0,0,21
tracker_age9_hits7_thresh0.060000000000000005.json,9,7,0.060000000000000005,,,0.0,0,21,0,0,21
tracker_age9_hits7_thresh0.06999999999999999.json,9,7,0.06999999999999999,,,0.0,0,21,0,0,21
tracker_age9_hits7_thresh0.08.json,9,7,0.08,,,0.0,0,21,0,0,21
tracker_age9_hits7_thresh0.09.json,9,7,0.09,,,0.0,0,21,0,0,21
tracker_age9_hits8_thresh0.01.json,9,8,0.01,,,0.0,0,21,0,0,21
tracker_age9_hits8_thresh0.02.json,9,8,0.02,,,0.0,0,21,0,0,21
tracker_age9_hits8_thresh0.03.json,9,8,0.03,,,0.0,0,21,0,0,21
tracker_age9_hits8_thresh0.04.json,9,8,0.04,,,0.0,0,21,0,0,21
tracker_age9_hits8_thresh0.05.json,9,8,0.05,,,0.0,0,21,0,0,21
tracker_age9_hits8_thresh0.060000000000000005.json,9,8,0.060000000000000005,,,0.0,0,21,0,0,21
tracker_age9_hits8_thresh0.06999999999999999.json,9,8,0.06999999999999999,,,0.0,0,21,0,0,21
tracker_age9_hits8_thresh0.08.json,9,8,0.08,,,0.0,0,21,0,0,21
tracker_age9_hits8_thresh0.09.json,9,8,0.09,,,0.0,0,21,0,0,21
tracker_age9_hits9_thresh0.01.json,9,9,0.01,,,0.0,0,21,0,0,21
tracker_age9_hits9_thresh0.02.json,9,9,0.02,,,0.0,0,21,0,0,21
tracker_age9_hits9_thresh0.03.json,9,9,0.03,,,0.0,0,21,0,0,21
tracker_age9_hits9_thresh0.04.json,9,9,0.04,,,0.0,0,21,0,0,21
tracker_age9_hits9_thresh0.05.json,9,9,0.05,,,0.0,0,21,0,0,21
tracker_age9_hits9_thresh0.060000000000000005.json,9,9,0.060000000000000005,,,0.0,0,21,0,0,21
tracker_age9_hits9_thresh0.06999999999999999.json,9,9,0.06999999999999999,,,0.0,0,21,0,0,21
tracker_age9_hits9_thresh0.08.json,9,9,0.08,,,0.0,0,21,0,0,21
tracker_age9_hits9_thresh0.09.json,9,9,0.09,,,0.0,0,21,0,0,21
